{"cameraMode":{"drawMode":0,"name":"Shaded","section":"Shading Mode"},"sceneLighting":true,"audioPlay":false,"sceneViewState":{"m_AlwaysRefresh":false,"showFog":true,"showSkybox":true,"showFlares":true,"showImageEffects":true,"showParticleSystems":true,"showVisualEffectGraphs":true,"m_FxEnabled":true},"in2DMode":false,"pivot":{"x":-0.48647522926330569,"y":10.583842277526856,"z":37.000831604003909},"rotation":{"x":0.0050882077775895599,"y":0.03239225596189499,"z":0.00016480522754136473,"w":-0.9994745850563049},"size":23.578937530517579,"orthographic":false}