{"cameraMode":{"drawMode":0,"name":"Shaded","section":"Shading Mode"},"sceneLighting":true,"audioPlay":false,"sceneViewState":{"m_AlwaysRefresh":false,"showFog":true,"showSkybox":true,"showFlares":true,"showImageEffects":true,"showParticleSystems":true,"showVisualEffectGraphs":true,"m_FxEnabled":true},"in2DMode":false,"pivot":{"x":25.872509002685548,"y":-321.9778747558594,"z":502.637451171875},"rotation":{"x":0.30837327241897585,"y":0.013418043032288552,"z":-0.004360215272754431,"w":0.9511789083480835},"size":352.99664306640627,"orthographic":false}